City_ID,City,Country,Date,Lat,Lng,Max Temp,Humidity,Cloudiness,Wind Speed
0,Tapes,BR,2022-10-04 23:49:36,-30.6733,-51.3958,57.2,85,0,6.87
1,Ocean City,US,2022-10-04 23:49:37,39.2776,-74.5746,59.99,93,100,13.0
2,Busselton,AU,2022-10-04 23:40:44,-33.65,115.3333,57.74,74,75,16.22
3,Olafsvik,IS,2022-10-04 23:49:03,64.8945,-23.7142,40.87,92,100,35.28
4,Kandrian,PG,2022-10-04 23:49:37,-6.2167,149.55,84.49,74,94,5.01
5,Hasaki,JP,2022-10-04 23:47:40,35.7333,140.8333,75.6,82,91,25.23
6,Ferrol,ES,2022-10-04 23:49:38,43.4832,-8.2369,60.71,93,17,5.46
7,Chuy,UY,2022-10-04 23:42:30,-33.6971,-53.4616,53.44,88,9,5.59
8,Fortuna,US,2022-10-04 23:45:18,40.5982,-124.1573,68.94,70,70,3.0
9,Coihaique,CL,2022-10-04 23:48:02,-45.5752,-72.0662,48.15,71,75,4.61
10,Vaini,TO,2022-10-04 23:45:29,-21.2,-175.2,78.96,89,75,4.61
11,Punta Arenas,CL,2022-10-04 23:37:29,-53.15,-70.9167,48.31,71,0,12.66
12,Vao,NC,2022-10-04 23:46:46,-22.6667,167.4833,68.59,59,6,8.19
13,Rikitea,PF,2022-10-04 23:40:48,-23.1203,-134.9692,69.8,65,59,24.0
14,Vestmannaeyjar,IS,2022-10-04 23:49:41,63.4427,-20.2734,45.01,76,100,26.17
15,Mabaruma,GY,2022-10-04 23:49:42,8.2,-59.7833,78.71,85,86,3.51
16,Ureshino,JP,2022-10-04 23:49:42,33.1,129.9833,73.2,78,75,4.83
17,Cape Town,ZA,2022-10-04 23:40:03,-33.9258,18.4232,53.91,65,0,1.14
18,East London,ZA,2022-10-04 23:40:57,-33.0153,27.9116,62.51,83,53,10.6
19,Hamilton,US,2022-10-04 23:39:25,39.1834,-84.5333,65.84,49,0,0.0
20,Alofi,NU,2022-10-04 23:49:43,-19.0595,-169.9187,82.29,74,13,11.5
21,Tautira,PF,2022-10-04 23:49:44,-17.7333,-149.15,76.21,73,53,23.24
22,Anadyr,RU,2022-10-04 23:49:08,64.75,177.4833,32.5,69,75,8.95
23,New Norfolk,AU,2022-10-04 23:43:43,-42.7826,147.0587,52.72,57,94,3.0
24,Van Wert,US,2022-10-04 23:49:45,40.8695,-84.5841,62.8,49,0,0.0
25,Luderitz,NA,2022-10-04 23:45:31,-26.6481,15.1594,54.9,77,0,15.5
26,Rio Gallegos,AR,2022-10-04 23:49:46,-51.6226,-69.2181,55.45,33,40,20.71
27,Saint-Philippe,RE,2022-10-04 23:42:17,-21.3585,55.7679,65.79,78,41,10.47
28,Tuktoyaktuk,CA,2022-10-04 23:46:58,69.4541,-133.0374,33.8,86,20,13.8
29,Djambala,CG,2022-10-04 23:49:47,-2.5447,14.7533,67.48,90,47,2.44
30,Mataura,NZ,2022-10-04 23:42:38,-46.1927,168.8643,37.47,98,100,11.52
31,Burns Lake,CA,2022-10-04 23:49:48,54.2331,-125.7533,62.02,53,100,4.32
32,Sokoni,TZ,2022-10-04 23:49:48,-6.4333,39.55,75.06,82,8,10.25
33,Ribeira Grande,PT,2022-10-04 23:40:57,38.5167,-28.7,71.78,81,82,8.68
34,Lavrentiya,RU,2022-10-04 23:45:18,65.5833,-171.0,37.72,68,13,5.73
35,Ushuaia,AR,2022-10-04 23:40:45,-54.8,-68.3,47.86,71,75,24.16
36,Bredasdorp,ZA,2022-10-04 23:42:23,-34.5322,20.0403,48.29,83,19,3.8
37,Vardo,NO,2022-10-04 23:49:50,70.3705,31.1107,44.58,87,100,14.97
38,Atuona,PF,2022-10-04 23:40:51,-9.8,-139.0333,77.04,69,19,20.22
39,Goundam,ML,2022-10-04 23:49:51,16.4145,-3.6708,93.47,12,1,4.76
40,Chake Chake,TZ,2022-10-04 23:49:52,-5.2459,39.7666,72.46,89,8,6.35
41,Istisu,AZ,2022-10-04 23:49:52,40.9457,48.0738,52.47,42,0,4.59
42,Albany,US,2022-10-04 23:39:44,42.6001,-73.9662,52.34,74,100,3.11
43,Hobart,AU,2022-10-04 23:37:41,-42.8794,147.3294,52.27,69,75,5.75
44,Kavaratti,IN,2022-10-04 23:44:06,10.5669,72.642,81.63,76,97,16.31
45,Samarai,PG,2022-10-04 23:49:54,-10.6167,150.6667,81.34,83,92,16.4
46,Saskylakh,RU,2022-10-04 23:40:43,71.9167,114.0833,23.43,96,100,4.81
47,Marathon,US,2022-10-04 23:50:56,44.9,-89.7668,67.53,63,0,0.0
48,Mpika,ZM,2022-10-04 23:50:58,-11.8343,31.4529,61.34,37,9,6.33
49,Geraldton,AU,2022-10-04 23:43:44,-28.7667,114.6,61.21,94,100,10.36
50,Upernavik,GL,2022-10-04 23:41:37,72.7868,-56.1549,20.32,81,58,5.84
51,Mount Isa,AU,2022-10-04 23:51:00,-20.7333,139.5,74.97,88,99,12.66
52,Lake Havasu City,US,2022-10-04 23:51:02,34.4839,-114.3224,98.06,18,0,4.61
53,Jumla,NP,2022-10-04 23:42:39,29.2747,82.1838,53.58,88,15,3.94
54,Kapaa,US,2022-10-04 23:51:04,22.0752,-159.319,84.52,70,20,17.27
55,Hithadhoo,MV,2022-10-04 23:51:05,-0.6,73.0833,82.44,70,99,18.32
56,Bengkulu,ID,2022-10-04 23:46:54,-3.8004,102.2655,75.94,89,100,6.78
57,Luganville,VU,2022-10-04 23:51:07,-15.5333,167.1667,81.21,78,75,12.03
58,Pangnirtung,CA,2022-10-04 23:51:09,66.1451,-65.7125,33.98,67,100,7.02
59,Chokurdakh,RU,2022-10-04 23:51:11,70.6333,147.9167,23.0,88,98,6.69
60,Kodiak,US,2022-10-04 23:43:52,57.79,-152.4072,53.11,94,100,20.71
61,Karla,EE,2022-10-04 23:51:13,59.3723,24.9275,37.36,100,0,2.3
62,Pontes E Lacerda,BR,2022-10-04 23:51:14,-15.2261,-59.3353,77.72,71,72,1.1
63,Guerrero Negro,MX,2022-10-04 23:42:30,27.9769,-114.0611,73.18,70,15,11.56
64,Husavik,IS,2022-10-04 23:42:14,66.0449,-17.3389,41.92,98,100,17.87
65,Natal,BR,2022-10-04 23:49:43,-5.795,-35.2094,79.02,83,20,5.75
66,Khatanga,RU,2022-10-04 23:43:47,71.9667,102.5,26.51,98,100,4.61
67,Gazli,UZ,2022-10-04 23:51:20,40.1333,63.45,55.31,23,0,13.8
68,Provideniya,RU,2022-10-04 23:44:01,64.3833,-173.3,41.36,70,75,7.0
69,Lebu,CL,2022-10-04 23:50:52,-37.6167,-73.65,50.41,94,22,6.26
70,Klang,MY,2022-10-04 23:51:25,3.0333,101.45,77.56,88,20,3.44
71,Ola,RU,2022-10-04 23:51:27,59.5833,151.2833,30.15,79,100,13.6
72,Hofn,IS,2022-10-04 23:51:28,64.2539,-15.2082,45.05,88,100,5.19
73,Tamiahua,MX,2022-10-04 23:51:28,21.2667,-97.45,77.04,80,52,6.35
74,Hilo,US,2022-10-04 23:42:35,19.7297,-155.09,84.25,67,0,10.36
75,Arlit,NE,2022-10-04 23:51:30,18.7369,7.3853,90.84,15,4,9.53
76,Namibe,AO,2022-10-04 23:51:31,-15.1961,12.1522,64.38,90,59,4.9
77,Severo-Kurilsk,RU,2022-10-04 23:46:43,50.6789,156.125,47.12,94,100,20.2
78,Savannah Bight,HN,2022-10-04 23:51:34,16.45,-85.85,82.87,68,74,7.27
79,Magole,TZ,2022-10-04 23:51:35,-6.3667,37.3667,66.18,84,57,2.08
80,Tasiilaq,GL,2022-10-04 23:51:37,65.6145,-37.6368,21.07,67,33,7.4
81,Peleduy,RU,2022-10-04 23:51:38,59.6289,112.7406,26.62,78,66,7.63
82,Jamestown,US,2022-10-04 23:41:49,42.097,-79.2353,55.04,66,100,6.91
83,Avarua,CK,2022-10-04 23:43:58,-21.2078,-159.775,78.85,65,82,23.02
84,Zhezkazgan,KZ,2022-10-04 23:51:41,47.8043,67.7144,39.36,33,0,11.12
85,Sept-Iles,CA,2022-10-04 23:47:02,50.2001,-66.3821,50.0,90,75,5.75
86,Meulaboh,ID,2022-10-04 23:51:43,4.1363,96.1285,73.6,96,100,2.89
87,Mabama,TZ,2022-10-04 23:51:43,-5.1333,32.5333,68.13,30,57,5.28
88,Miraflores,MX,2022-10-04 23:51:44,19.2167,-98.8083,66.87,86,81,2.48
89,Cherskiy,RU,2022-10-04 23:42:18,68.75,161.3,25.79,66,18,7.76
90,Torbay,CA,2022-10-04 23:42:34,47.6666,-52.7314,51.28,85,0,21.85
91,Port Alfred,ZA,2022-10-04 23:51:46,-33.5906,26.891,60.19,88,94,1.01
92,Nome,US,2022-10-04 23:52:48,64.5011,-165.4064,48.27,76,75,10.36
93,Hermanus,ZA,2022-10-04 23:52:49,-34.4187,19.2345,52.81,71,33,2.86
94,Ostrovnoy,RU,2022-10-04 23:52:52,68.0531,39.5131,45.79,94,86,12.24
95,Pandhurna,IN,2022-10-04 23:52:52,21.6,78.5167,72.48,88,96,2.71
96,Rupert,US,2022-10-04 23:51:34,42.6191,-113.6772,75.15,25,0,4.61
97,Atar,MR,2022-10-04 23:52:53,20.5169,-13.0499,94.98,20,86,6.93
98,Lagoa,PT,2022-10-04 23:44:03,39.05,-27.9833,68.92,88,100,19.55
99,Yellowknife,CA,2022-10-04 23:51:56,62.456,-114.3525,39.56,65,75,11.01
100,Cabedelo,BR,2022-10-04 23:52:54,-6.9811,-34.8339,75.87,78,41,10.42
101,Peterhead,GB,2022-10-04 23:48:58,57.5058,-1.7981,50.4,81,100,7.7
102,Odweyne,SO,2022-10-04 23:52:54,9.4092,45.064,72.54,59,84,6.87
103,Sur,OM,2022-10-04 23:52:55,22.5667,59.5289,78.64,68,35,5.64
104,Portland,US,2022-10-04 23:42:17,45.5234,-122.6762,74.95,66,75,6.91
105,Ixtapa,MX,2022-10-04 23:52:55,20.7,-105.2,78.94,92,46,1.63
106,Seoul,KR,2022-10-04 23:51:13,37.5683,126.9778,60.19,85,75,3.44
107,Ilulissat,GL,2022-10-04 23:52:56,69.2167,-51.1,18.19,76,15,5.93
108,Tyrma,RU,2022-10-04 23:52:57,50.0833,132.1667,33.06,49,5,9.33
109,Rajauri,IN,2022-10-04 23:52:57,33.3833,74.3,66.6,34,0,6.22
110,Valparaiso,CL,2022-10-04 23:52:16,-33.0393,-71.6273,56.48,95,0,4.61
111,Terekli-Mekteb,RU,2022-10-04 23:52:58,44.1671,45.8698,62.92,74,80,7.7
112,Marsa Matruh,EG,2022-10-04 23:52:59,31.3525,27.2453,74.95,66,99,12.48
113,Hirara,JP,2022-10-04 23:52:59,24.8,125.2833,82.26,83,20,8.05
114,Chapais,CA,2022-10-04 23:52:59,49.7834,-74.8492,49.78,99,100,3.09
115,Mount Gambier,AU,2022-10-04 23:47:05,-37.8333,140.7667,52.23,98,100,13.47
116,Malanville,BJ,2022-10-04 23:53:00,11.8685,3.3899,76.91,70,87,5.82
117,Comodoro Rivadavia,AR,2022-10-04 23:50:36,-45.8667,-67.5,62.46,29,0,18.41
118,Jurado,CO,2022-10-04 23:53:01,7.1053,-77.7641,79.05,87,99,2.17
119,Bahia Blanca,AR,2022-10-04 23:51:55,-38.7196,-62.2724,54.79,89,100,6.08
120,Airai,TL,2022-10-04 23:53:02,-8.9266,125.4092,67.59,77,96,2.42
121,Padang,ID,2022-10-04 23:53:03,-0.9492,100.3543,73.45,90,100,3.85
122,Bluff,NZ,2022-10-04 23:53:04,-46.6,168.3333,38.8,75,96,27.36
123,Yukhnov,RU,2022-10-04 23:53:04,54.7444,35.2297,43.29,96,100,6.38
124,Quang Ngai,VN,2022-10-04 23:53:05,15.1167,108.8,77.22,89,92,4.68
125,Codrington,AU,2022-10-04 23:45:34,-38.2667,141.9667,51.57,95,100,18.52
126,Kaoma,ZM,2022-10-04 23:53:06,-14.7833,24.8,64.26,28,0,5.66
127,Qaanaaq,GL,2022-10-04 23:43:56,77.484,-69.3632,15.49,76,99,4.97
128,Dikson,RU,2022-10-04 23:44:07,73.5069,80.5464,33.39,83,100,18.72
129,Bethel,US,2022-10-04 23:45:15,41.3712,-73.414,54.52,87,100,10.36
130,Guiglo,CI,2022-10-04 23:53:08,6.5456,-7.4966,72.18,100,77,2.53
131,Maiduguri,NG,2022-10-04 23:53:09,11.8464,13.1603,77.97,71,88,7.47
132,Kahului,US,2022-10-04 23:44:00,20.8947,-156.47,82.98,79,40,21.85
133,Alta Floresta,BR,2022-10-04 23:53:10,-9.8756,-56.0861,75.58,77,79,2.84
134,Puerto Ayora,EC,2022-10-04 23:43:42,-0.7393,-90.3518,67.55,90,77,8.01
135,Zuenoula,CI,2022-10-04 23:53:11,7.4292,-6.0431,71.67,98,71,3.6
136,Bambous Virieux,MU,2022-10-04 23:47:01,-20.3428,57.7575,70.05,83,40,5.75
137,Methoni,GR,2022-10-04 23:54:12,36.8197,21.7049,69.22,73,40,9.13
138,Arraial Do Cabo,BR,2022-10-04 23:54:13,-22.9661,-42.0278,71.46,83,75,4.61
139,Missoula,US,2022-10-04 23:54:14,47.0166,-113.8009,68.09,43,0,2.37
140,Flinders,AU,2022-10-04 23:54:15,-34.5833,150.8552,61.38,80,100,4.0
141,Carutapera,BR,2022-10-04 23:54:16,-1.195,-46.02,78.57,75,53,7.87
142,Zaysan,KZ,2022-10-04 23:54:16,47.4667,84.8667,39.79,31,28,5.68
143,Sabha,LY,2022-10-04 23:54:17,27.0377,14.4283,72.25,41,0,9.98
144,Vangaindrano,MG,2022-10-04 23:54:18,-23.35,47.6,65.82,94,8,6.58
145,Tuatapere,NZ,2022-10-04 23:46:39,-46.1333,167.6833,37.4,85,99,20.04
146,Mar Del Plata,AR,2022-10-04 23:50:04,-38.0023,-57.5575,58.08,77,0,13.8
147,Mahebourg,MU,2022-10-04 23:54:20,-20.4081,57.7,70.09,83,40,5.75
148,Victoria,HK,2022-10-04 23:49:21,22.2855,114.1577,86.18,84,52,5.01
149,Darhan,MN,2022-10-04 23:54:21,49.4867,105.9228,28.76,54,4,4.25
150,Port Lincoln,AU,2022-10-04 23:54:21,-34.7333,135.8667,62.96,78,35,10.78
151,Abashiri,JP,2022-10-04 23:53:50,44.0213,144.2697,52.95,62,20,5.75
152,Belaya Gora,RU,2022-10-04 23:49:02,68.5333,146.4167,21.24,85,60,2.8
153,Avera,US,2022-10-04 23:54:23,33.194,-82.5271,66.54,51,0,4.7
154,Pipri,IN,2022-10-04 23:54:24,19.8,75.5333,73.6,75,99,9.15
155,Souillac,MU,2022-10-04 23:54:24,-20.5167,57.5167,70.18,83,40,5.75
156,Hervey Bay,AU,2022-10-04 23:54:25,-25.2986,152.8535,70.02,68,59,5.99
157,Doha,QA,2022-10-04 23:45:21,25.2867,51.5333,85.89,87,0,10.36
158,Beloha,MG,2022-10-04 23:54:26,-25.1667,45.05,65.34,95,1,2.19
159,Carnarvon,AU,2022-10-04 23:54:27,-24.8667,113.6333,68.59,72,6,12.28
160,Barrow,US,2022-10-04 23:45:24,71.2906,-156.7887,33.82,80,100,0.0
161,Mnogovershinnyy,RU,2022-10-04 23:54:28,53.9353,139.9242,29.41,68,72,14.72
162,Gold Coast,AU,2022-10-04 23:54:23,-28.0,153.4333,73.9,63,40,9.22
163,Neuquen,AR,2022-10-04 23:54:27,-38.9516,-68.0591,64.29,45,20,3.44
164,Chippewa Falls,US,2022-10-04 23:54:29,44.9369,-91.3929,69.98,61,0,9.22
165,La Romana,DO,2022-10-04 23:52:48,18.4273,-68.9728,88.16,79,40,6.91
166,Clyde River,CA,2022-10-04 23:54:30,70.4692,-68.5914,26.83,86,100,19.57
167,Port Blair,IN,2022-10-04 23:54:30,11.6667,92.75,80.64,83,75,3.44
168,Natitingou,BJ,2022-10-04 23:54:31,10.3042,1.3796,72.14,89,89,2.19
169,Broome,US,2022-10-04 23:54:31,42.2506,-75.833,52.86,81,100,1.99
170,Nedjo,ET,2022-10-04 23:54:32,9.5046,35.5019,55.45,94,58,1.19
171,Crotone,IT,2022-10-04 23:54:32,39.0851,17.1178,62.19,60,36,16.22
172,Nikolskoye,RU,2022-10-04 23:54:34,59.7035,30.7861,44.8,95,71,2.17
173,Mersing,MY,2022-10-04 23:54:34,2.4312,103.8405,75.11,94,40,6.91
174,Curuguaty,PY,2022-10-04 23:54:35,-24.4694,-55.6945,65.84,66,0,3.85
175,Shonguy,RU,2022-10-04 23:54:35,68.7526,33.146,39.27,100,75,2.24
176,Alberdi,AR,2022-10-04 23:54:36,-32.8899,-60.6906,69.04,39,0,12.66
177,Constitucion,CL,2022-10-04 23:54:37,-35.3333,-72.4167,51.69,88,89,6.87
178,Brownfield,US,2022-10-04 23:54:37,33.1812,-102.2744,78.94,39,20,7.43
179,Humaita,BR,2022-10-04 23:54:38,-7.5061,-63.0208,81.1,61,64,0.78
180,Palermo,IT,2022-10-04 23:55:38,37.8167,13.5833,66.52,85,63,0.6
181,Ust-Nera,RU,2022-10-04 23:55:39,64.5667,143.2,15.51,89,100,7.27
182,Northview,US,2022-10-04 23:55:40,43.0456,-85.6006,60.89,74,11,6.53
183,Nhulunbuy,AU,2022-10-04 23:55:14,-12.2333,136.7667,84.81,70,40,14.97
184,Kuytun,RU,2022-10-04 23:55:41,54.3419,101.5036,25.61,90,68,2.86
185,Kamenka,RU,2022-10-04 23:55:41,51.3223,42.7678,53.87,89,91,8.84
186,Taketa,JP,2022-10-04 23:55:42,32.9652,131.3785,69.78,96,100,2.28
187,Duluth,US,2022-10-04 23:55:16,46.7833,-92.1066,66.07,84,0,5.75
188,Longyearbyen,SJ,2022-10-04 23:51:15,78.2186,15.6401,33.93,88,69,6.85
189,Kemijarvi,FI,2022-10-04 23:55:43,66.7131,27.4306,39.13,94,100,3.67
190,Severo-Yeniseyskiy,RU,2022-10-04 23:55:44,60.3725,93.0408,30.78,74,100,11.03
191,Dharmanagar,IN,2022-10-04 23:55:44,24.3667,92.1667,74.37,99,98,1.95
192,Marzuq,YE,2022-10-04 23:55:45,14.4,46.4667,72.64,48,33,3.0
193,Solnechnyy,RU,2022-10-04 23:55:46,50.7214,136.6319,34.79,48,56,9.62
194,San Quintin,MX,2022-10-04 23:55:46,30.4833,-115.95,71.46,77,26,9.89
195,Iskateley,RU,2022-10-04 23:55:47,67.6803,53.1512,40.51,79,100,12.5
196,Alghero,IT,2022-10-04 23:55:47,40.5589,8.3181,62.69,100,0,2.3
197,Apple Valley,US,2022-10-04 23:54:02,34.5008,-117.1859,90.79,12,1,7.0
198,College,US,2022-10-04 23:55:48,64.8569,-147.8028,54.28,53,73,3.51
199,Leningradskiy,RU,2022-10-04 23:55:49,69.3833,178.4167,23.85,85,74,5.17
200,Arequipa,PE,2022-10-04 23:55:49,-16.3989,-71.535,59.07,38,0,5.75
201,Valleyview,CA,2022-10-04 23:55:51,55.0667,-117.2859,62.64,36,91,5.75
202,Kearney,US,2022-10-04 23:55:51,40.6995,-99.0815,69.71,68,0,8.05
203,Lumut,MY,2022-10-04 23:55:52,4.2323,100.6298,75.22,94,40,2.3
204,Rizhao,CN,2022-10-04 23:55:53,35.4275,119.4553,51.58,62,57,10.42
205,Kabo,CF,2022-10-04 23:55:54,7.6994,18.629,69.24,98,99,2.08
206,Oga,IT,2022-10-04 23:55:54,46.4631,10.347,41.81,50,5,1.03
207,Mackay,AU,2022-10-04 23:55:08,-21.15,149.2,73.69,59,93,13.49
208,Pisco,PE,2022-10-04 23:55:55,-13.7,-76.2167,60.85,77,0,17.27
209,Aragarcas,BR,2022-10-04 23:55:56,-15.8975,-52.2508,80.94,52,63,2.44
210,Kolpashevo,RU,2022-10-04 23:55:57,58.3131,82.9089,37.33,97,100,9.17
211,Manavalakurichi,IN,2022-10-04 23:55:59,8.1333,77.3,77.49,87,100,14.05
212,Sao Joao Da Barra,BR,2022-10-04 23:56:00,-21.6403,-41.0511,73.49,94,94,7.38
213,Narsaq,GL,2022-10-04 23:46:44,60.9167,-46.05,41.22,89,100,5.73
214,Kavieng,PG,2022-10-04 23:56:00,-2.5744,150.7967,84.49,71,86,16.31
215,Kushmurun,KZ,2022-10-04 23:56:01,52.4503,64.6311,41.18,38,5,5.5
216,Nueve De Julio,AR,2022-10-04 23:56:01,-35.4444,-60.8831,63.97,41,66,1.01
217,Petropavlovsk-Kamchatskiy,RU,2022-10-04 23:56:02,53.0452,158.6483,46.99,100,100,4.47
218,Isangel,VU,2022-10-04 23:52:47,-19.55,169.2667,77.47,60,25,11.59
219,Hovd,MN,2022-10-04 23:56:03,48.0056,91.6419,25.88,38,13,1.54
220,Baykit,RU,2022-10-04 23:56:04,61.67,96.37,27.23,87,67,4.54
221,Jinchang,CN,2022-10-04 23:56:05,38.4953,102.1739,45.9,69,100,5.32
222,Cabo San Lucas,MX,2022-10-04 23:56:05,22.8909,-109.9124,88.61,69,0,5.75
223,Cananea,MX,2022-10-04 23:56:06,30.95,-110.3,64.54,43,43,13.56
224,Bubaque,GW,2022-10-04 23:56:07,11.2833,-15.8333,81.59,79,91,7.99
225,Jalu,LY,2022-10-04 23:56:08,29.0331,21.5482,71.89,61,0,9.91
226,Lasa,IT,2022-10-04 23:56:08,46.6166,10.7002,45.36,48,9,1.12
227,Lorengau,PG,2022-10-04 23:56:09,-2.0226,147.2712,83.62,78,86,10.38
228,Grindavik,IS,2022-10-04 23:57:10,63.8424,-22.4338,43.27,81,100,21.85
229,Dingle,PH,2022-10-04 23:57:12,10.9995,122.6711,81.41,83,100,6.91
230,Iqaluit,CA,2022-10-04 23:57:13,63.7506,-68.5145,33.53,100,100,0.0
231,Sao Joao De Pirabas,BR,2022-10-04 23:57:14,-0.7747,-47.1772,79.03,75,75,8.08
232,Tucuman,AR,2022-10-04 23:57:14,-26.8241,-65.2226,82.4,32,0,6.91
233,Thompson,CA,2022-10-04 23:57:15,55.7435,-97.8558,55.56,47,75,2.3
234,Mizdah,LY,2022-10-04 23:57:15,31.4451,12.9801,64.76,81,0,7.9
235,Nelson Bay,AU,2022-10-04 23:57:16,-32.7167,152.15,64.11,87,100,14.0
236,Berezovyy,RU,2022-10-04 23:57:17,51.6667,135.7,36.66,44,34,6.04
237,Georgetown,MY,2022-10-04 23:57:19,5.4112,100.3354,78.89,94,20,0.0
238,Belyy Yar,RU,2022-10-04 23:57:20,53.6039,91.3903,24.69,93,27,4.47
239,Dalby,AU,2022-10-04 23:57:21,-27.1833,151.2667,69.98,49,99,4.0
240,Bud,US,2022-10-04 23:57:21,39.447,-86.1758,62.62,60,0,4.12
241,Paamiut,GL,2022-10-04 23:57:22,61.994,-49.6678,36.3,99,100,31.05
242,Butaritari,KI,2022-10-04 23:57:23,3.0707,172.7902,81.25,78,11,16.06
243,Khani,GE,2022-10-04 23:57:28,41.9563,42.9566,54.97,88,100,1.74
244,Price,US,2022-10-04 23:57:29,39.5994,-110.8107,72.12,31,12,4.41
245,Maple Creek,CA,2022-10-04 23:57:29,49.9168,-109.4848,80.65,26,16,8.05
246,Bela,IN,2022-10-04 23:57:30,25.9333,81.9833,75.65,97,100,7.58
247,Yambio,SS,2022-10-04 23:57:30,4.5721,28.3955,68.07,97,100,2.13
248,Saint Simons,US,2022-10-04 23:57:31,31.1352,-81.3901,67.01,67,0,0.0
249,Port Macquarie,AU,2022-10-04 23:57:31,-31.4333,152.9167,66.49,59,99,8.25
250,La Ronge,CA,2022-10-04 23:57:32,55.1001,-105.2842,61.05,51,40,5.75
251,Tual,ID,2022-10-04 23:57:32,-5.6667,132.75,82.58,76,100,9.93
252,Gilleleje,DK,2022-10-04 23:57:33,56.122,12.3106,56.95,84,100,1.99
253,Anantapur,IN,2022-10-04 23:57:34,14.6833,77.6,76.17,74,100,6.91
254,Namatanai,PG,2022-10-04 23:57:34,-3.6667,152.4333,85.17,65,97,12.57
255,Buala,SB,2022-10-04 23:57:35,-8.145,159.5921,83.91,73,78,10.69
256,Turulung,RO,2022-10-04 23:57:35,47.9333,23.0833,49.48,89,22,2.37
257,Moanda,GA,2022-10-04 23:57:36,-1.5575,13.2178,70.18,95,100,2.01
258,Moron,AR,2022-10-04 23:57:36,-34.6534,-58.6198,61.97,86,0,9.66
259,Plattsburgh,US,2022-10-04 23:56:59,44.6995,-73.4529,53.01,80,95,1.01
260,Chulumani,BO,2022-10-04 23:57:38,-16.4096,-67.5263,66.69,89,80,2.1
261,Serebryansk,KZ,2022-10-04 23:57:39,49.6925,83.2892,33.91,53,0,4.7
262,Arman,RU,2022-10-04 23:57:39,59.7,150.1667,30.02,64,100,12.28
263,Sidi Ali,DZ,2022-10-04 23:57:40,36.0998,0.4206,68.79,63,45,4.61
264,Honiara,SB,2022-10-04 23:57:40,-9.4333,159.95,85.96,68,43,9.86
265,Zyryanka,RU,2022-10-04 23:57:41,65.75,150.85,24.06,73,56,21.12
266,Kalmunai,LK,2022-10-04 23:57:42,7.4167,81.8167,79.95,73,100,2.33
267,Kuryk,KZ,2022-10-04 23:57:43,43.2,51.65,63.91,25,4,20.29
268,Namwala,ZM,2022-10-04 23:57:44,-15.7504,26.4384,72.01,30,0,5.03
269,Sterling,US,2022-10-04 23:55:44,39.0062,-77.4286,52.02,90,100,13.0
270,Koroni,GR,2022-10-04 23:57:44,36.8,21.95,69.08,72,26,8.43
271,Salalah,OM,2022-10-04 23:56:10,17.0151,54.0924,77.49,84,65,5.75
272,Belmonte,BR,2022-10-04 23:57:45,-15.8631,-38.8828,75.34,79,8,12.41
273,Togur,RU,2022-10-04 23:58:46,58.3631,82.8265,37.4,97,100,9.26
274,Kaitangata,NZ,2022-10-04 23:58:46,-46.2817,169.8464,38.21,90,80,17.54
275,Gambela,ET,2022-10-04 23:58:47,8.25,34.5833,70.5,86,82,3.4
276,Cabo Rojo,PR,2022-10-04 23:58:47,18.0866,-67.1457,80.67,89,66,6.02
277,Aran,AZ,2022-10-04 23:58:48,40.6253,46.9756,66.92,67,0,2.77
278,Berlevag,NO,2022-10-04 23:58:48,70.8578,29.0864,42.75,81,100,10.36
279,Hualmay,PE,2022-10-04 23:58:49,-11.0964,-77.6139,61.74,78,22,10.67
280,Morgan City,US,2022-10-04 23:53:53,29.6994,-91.2068,75.99,71,99,4.03
281,San Angelo,US,2022-10-04 23:54:21,31.4638,-100.437,84.54,22,11,5.01
282,Celestun,MX,2022-10-04 23:58:50,20.8667,-90.4,78.69,66,51,12.71
283,Fairbanks,US,2022-10-04 23:58:51,64.8378,-147.7164,54.3,53,73,3.71
284,Lata,PT,2022-10-04 23:58:51,40.1629,-8.3327,59.92,69,0,1.74
285,Sao Jose Da Coroa Grande,BR,2022-10-04 23:58:52,-8.8978,-35.1478,75.0,77,6,7.23
286,Saint-Marc,HT,2022-10-04 23:58:52,19.1082,-72.6938,82.09,77,88,2.3
287,Tiksi,RU,2022-10-04 23:58:53,71.6872,128.8694,21.58,85,100,14.7
288,Jimma,ET,2022-10-04 23:58:53,7.6667,36.8333,58.15,95,84,1.3
289,Gladstone,AU,2022-10-04 23:58:54,-23.85,151.25,74.79,56,97,10.36
290,Kaduqli,SD,2022-10-04 23:58:55,11.0167,29.7167,71.85,81,98,3.18
291,Saint George,US,2022-10-04 23:56:58,37.1041,-113.5841,87.94,24,3,3.0
292,Nuuk,GL,2022-10-04 23:58:56,64.1835,-51.7216,32.88,86,100,15.99
293,Siwana,IN,2022-10-04 23:58:56,25.6333,72.4167,80.55,50,1,5.14
294,Rocha,UY,2022-10-04 23:58:57,-34.4833,-54.3333,49.73,94,35,5.61
295,Zhangye,CN,2022-10-04 23:58:57,38.9342,100.4517,49.8,42,100,7.29
296,Pathein,MM,2022-10-04 23:58:58,16.7833,94.7333,75.16,94,100,5.35
297,Gizo,SB,2022-10-04 23:58:59,-8.103,156.8419,85.37,62,62,9.84
298,Santiago Del Estero,AR,2022-10-04 23:57:18,-27.7951,-64.2615,81.34,31,0,10.4
299,Santa Maria,BR,2022-10-04 23:54:05,-29.6842,-53.8069,58.3,63,0,2.3
300,Laguna,US,2022-10-04 23:59:00,38.421,-121.4238,91.06,35,0,6.91
301,Puerto Del Rosario,ES,2022-10-04 23:59:01,28.5004,-13.8627,74.95,64,48,8.05
302,Dwarka,IN,2022-10-04 23:59:02,22.2394,68.9678,80.83,72,20,9.35
303,Axim,GH,2022-10-04 23:59:02,4.8699,-2.2405,75.2,94,95,5.41
304,Omboue,GA,2022-10-04 23:49:06,-1.5746,9.2618,75.29,83,53,4.41
305,Xining,CN,2022-10-04 23:55:52,36.6167,101.7667,47.3,85,100,2.46
306,Bosaso,SO,2022-10-04 23:59:04,11.2842,49.1816,86.22,54,85,4.38
307,Nyurba,RU,2022-10-04 23:59:05,63.2842,118.3319,26.37,76,90,9.28
308,Sitka,US,2022-10-04 23:59:05,57.0531,-135.33,69.69,37,75,13.8
309,Touros,BR,2022-10-04 23:59:06,-5.1989,-35.4608,76.73,77,73,14.45
310,Muros,ES,2022-10-04 23:59:06,42.7762,-9.0603,54.09,94,8,3.06
311,Beringovskiy,RU,2022-10-04 23:59:07,63.05,179.3167,42.48,77,95,12.24
312,Lamesa,US,2022-10-04 23:59:07,32.7376,-101.951,76.48,36,32,8.48
313,Juegang,CN,2022-10-04 23:59:08,32.3174,121.1855,65.91,64,99,14.74
314,Chumikan,RU,2022-10-04 23:59:08,54.7183,135.315,35.08,47,98,18.03
315,El Angel,EC,2022-10-04 23:59:09,0.6167,-77.9333,49.08,89,99,1.52
316,Mayo,US,2022-10-04 23:59:10,38.8876,-76.5119,52.21,95,100,4.0
317,Mahanje,TZ,2022-10-04 23:59:10,-9.9333,35.3333,60.26,58,27,2.75
318,Alugan,PH,2022-10-04 23:59:11,12.2188,125.4808,82.96,78,78,6.98
319,Port Hedland,AU,2022-10-04 23:59:12,-20.3167,118.5667,77.05,65,2,5.75
320,Hastings,GB,2022-10-04 23:57:06,50.8552,0.5729,62.92,84,99,18.07
321,Tall Kayf,TR,2022-10-05 00:00:13,37.0833,41.0667,76.93,21,55,10.29
322,Castro,BR,2022-10-05 00:00:14,-24.7911,-50.0119,57.29,90,0,4.45
323,Mayor Pablo Lagerenza,PY,2022-10-05 00:00:15,-19.9309,-60.7718,84.88,47,83,8.72
324,Rawson,AR,2022-10-05 00:00:16,-43.3002,-65.1023,65.44,34,59,5.19
325,Manta,EC,2022-10-05 00:00:17,-0.95,-80.7333,70.29,84,91,15.14
326,Mahajanga,MG,2022-10-05 00:00:18,-15.7167,46.3167,70.93,79,3,7.34
327,Miles City,US,2022-10-05 00:00:19,46.4083,-105.8406,68.52,43,24,5.66
328,Mitsamiouli,KM,2022-10-05 00:00:21,-11.3847,43.2844,74.89,80,15,4.9
329,Gravdal,NO,2022-10-05 00:00:23,68.1214,13.5031,48.69,86,100,16.58
330,Sola,VU,2022-10-05 00:00:24,-13.8833,167.55,80.51,77,31,14.92
331,Corner Brook,CA,2022-10-04 23:59:45,48.9667,-57.9484,51.96,96,15,5.41
332,Vostok,RU,2022-10-04 23:58:46,46.4856,135.8833,31.14,52,10,9.71
333,Nurota,UZ,2022-10-05 00:00:26,40.5614,65.6886,51.42,23,0,8.01
334,Waverley,ZA,2022-10-05 00:00:27,-25.7023,28.2591,71.87,60,28,14.07
335,Port Elizabeth,ZA,2022-10-05 00:00:15,-33.918,25.5701,55.69,94,75,6.91
336,Palimbang,PH,2022-10-05 00:00:31,6.2106,124.1894,83.91,71,88,5.7
337,Nanortalik,GL,2022-10-05 00:00:31,60.1432,-45.2371,37.36,99,100,8.37
338,Lincoln,US,2022-10-04 23:54:26,40.8,-96.667,72.7,50,100,5.01
339,Umm Kaddadah,SD,2022-10-05 00:00:33,13.6017,26.6876,82.92,49,95,12.33
340,Karratha,AU,2022-10-05 00:00:34,-20.7377,116.8463,74.39,32,0,2.04
341,Alihe,CN,2022-10-05 00:00:34,50.5667,123.7167,32.59,36,46,5.44
342,Segezha,RU,2022-10-05 00:00:35,63.7415,34.3222,47.52,92,100,5.39
343,Monrovia,LR,2022-10-05 00:00:36,6.3005,-10.7969,76.93,91,83,5.53
344,Bonavista,CA,2022-10-05 00:00:37,48.6499,-53.1147,51.55,75,2,20.42
345,Kichera,RU,2022-10-05 00:00:37,55.9375,110.0997,23.16,68,39,4.25
346,Spring Valley,US,2022-10-05 00:00:38,36.108,-115.245,91.29,24,0,1.99
347,Koslan,RU,2022-10-05 00:00:39,63.4564,48.8989,46.76,99,100,5.37
348,Ancud,CL,2022-10-05 00:00:39,-41.8697,-73.8203,47.43,92,27,5.1
349,Hami,CN,2022-10-05 00:00:40,42.8,93.45,53.28,59,100,5.53
350,Puerto Escondido,MX,2022-10-05 00:00:40,15.85,-97.0667,81.37,76,25,2.55
351,Nicoya,CR,2022-10-05 00:00:41,10.1483,-85.452,77.56,86,99,2.06
352,Talnakh,RU,2022-10-05 00:00:42,69.4865,88.3972,33.21,99,100,0.65
353,Malmesbury,ZA,2022-10-05 00:00:43,-33.4608,18.7271,45.34,87,17,3.31
354,Thinadhoo,MV,2022-10-05 00:00:43,0.5333,72.9333,80.83,78,100,17.22
355,Gucheng,CN,2022-10-05 00:00:44,35.9115,111.3192,51.8,72,100,4.59
356,Puga,MX,2022-10-05 00:00:45,21.5833,-104.8167,75.27,83,75,0.0
357,Harper,LR,2022-10-05 00:00:46,4.375,-7.7169,76.28,92,83,7.52
358,Carballo,ES,2022-10-05 00:00:47,43.213,-8.691,62.02,81,16,3.96
359,Kholodnyy,RU,2022-10-05 00:00:47,62.7167,147.95,19.56,69,100,22.73
360,Bowen,AU,2022-10-05 00:00:48,-20.0167,148.2333,76.08,69,80,17.63
361,Luwuk,ID,2022-10-05 00:00:49,-0.9516,122.7875,83.8,68,85,2.06
362,Roma,US,2022-10-04 23:59:04,43.2128,-75.4557,54.95,87,100,3.87
363,Alpena,US,2022-10-04 23:57:59,45.0617,-83.4327,58.06,89,53,4.76
364,San Juan Del Sur,NI,2022-10-05 00:00:50,11.2529,-85.8705,80.71,80,97,6.51
365,Sovetskiy,RU,2022-10-05 00:00:51,61.3614,63.5842,45.77,95,66,2.42
366,Bilibino,RU,2022-10-05 00:00:51,68.0546,166.4372,23.52,71,67,4.81
367,Esperance,AU,2022-10-05 00:00:53,-33.8667,121.9,58.84,67,7,19.8
368,Kawalu,ID,2022-10-05 00:01:54,-7.3817,108.2082,73.81,90,100,0.51
369,Vanimo,PG,2022-10-05 00:01:54,-2.6741,141.3028,84.52,68,99,7.2
370,Killarney,IE,2022-10-05 00:00:19,52.05,-9.5167,56.84,96,100,6.91
371,Rajampet,IN,2022-10-04 23:57:29,14.1833,79.1667,78.73,76,100,2.37
372,Manokwari,ID,2022-10-05 00:01:56,-0.8667,134.0833,82.78,68,100,4.59
373,Hammerfest,NO,2022-10-05 00:01:56,70.6634,23.6821,43.25,81,20,12.66
374,Katsuura,JP,2022-10-04 23:59:18,35.1333,140.3,77.02,76,95,8.52
375,Cockburn Town,TC,2022-10-05 00:01:58,21.4612,-71.1419,83.55,73,68,5.1
376,Caceres,ES,2022-10-05 00:01:58,39.522,-6.3748,70.11,31,0,2.68
377,Verkhnevilyuysk,RU,2022-10-05 00:01:59,63.4453,120.3167,25.56,75,95,7.49
378,Deputatskiy,RU,2022-10-05 00:01:59,69.3,139.9,5.34,95,58,2.93
379,Srednekolymsk,RU,2022-10-05 00:02:00,67.45,153.6833,23.76,66,9,13.06
380,Fukue,JP,2022-10-05 00:02:00,32.6881,128.8419,73.08,76,90,19.53
381,Krasnoselkup,RU,2022-10-05 00:02:01,65.7,82.4667,36.59,94,100,12.88
382,Jimenez,MX,2022-10-05 00:02:01,28.3333,-105.4,80.11,29,1,5.7
383,Horodnytsya,UA,2022-10-05 00:02:02,50.807,27.3168,45.88,93,34,11.07
384,Devarkonda,IN,2022-10-05 00:02:03,16.7,78.9333,75.67,81,100,4.88
385,Cacequi,BR,2022-10-05 00:02:04,-29.8836,-54.825,55.58,67,0,9.55
386,Shellbrook,CA,2022-10-05 00:02:04,53.2168,-106.4011,66.6,43,39,8.34
387,Bathsheba,BB,2022-10-05 00:02:05,13.2167,-59.5167,79.41,89,75,25.32
388,Karpogory,RU,2022-10-05 00:02:06,64.0019,44.4451,44.13,98,95,5.59
389,Lakselv,NO,2022-10-05 00:02:07,70.0513,24.9718,40.82,81,100,14.97
390,Rock Sound,BS,2022-10-05 00:02:08,24.9,-76.2,81.52,64,84,5.01
391,Kidal,ML,2022-10-05 00:02:09,18.4411,1.4078,92.93,18,85,7.67
392,Komsomolskiy,UZ,2022-10-05 00:02:09,40.4272,71.7189,57.92,41,31,4.61
393,Kirakira,SB,2022-10-05 00:02:10,-10.4544,161.9205,84.6,69,25,11.25
394,Suraabad,AZ,2022-10-05 00:02:10,40.8192,49.4687,69.8,68,0,4.25
395,Saint-Augustin,CA,2022-10-05 00:02:11,51.226,-58.6502,53.92,73,100,12.26
396,Itarema,BR,2022-10-05 00:02:12,-2.9248,-39.9167,77.9,80,91,16.2
397,Aklavik,CA,2022-10-05 00:02:12,68.2191,-135.0107,32.38,92,9,10.56
398,Parakan,ID,2022-10-05 00:02:13,-6.4191,106.0081,76.26,90,95,3.69
399,Ambilobe,MG,2022-10-05 00:02:13,-13.2,49.05,64.85,84,18,3.67
400,Charters Towers,AU,2022-10-05 00:02:14,-20.1,146.2667,77.76,53,99,16.26
401,Dhidhdhoo,MV,2022-10-05 00:02:15,6.8833,73.1,81.59,77,100,17.31
402,Takoradi,GH,2022-10-05 00:02:15,4.8845,-1.7554,75.18,94,95,5.64
403,Sioux Lookout,CA,2022-10-05 00:01:45,50.1001,-91.917,58.71,71,96,5.26
404,Yuksekova,TR,2022-10-05 00:02:17,37.5736,44.2872,49.26,58,0,2.13
405,Maua,BR,2022-10-05 00:02:18,-23.6678,-46.4614,61.45,94,99,4.59
406,Alice Springs,AU,2022-10-05 00:02:18,-23.7,133.8833,75.24,46,13,5.59
407,Vila Velha,BR,2022-10-05 00:00:34,-20.3297,-40.2925,72.95,90,95,1.99
408,Norman Wells,CA,2022-10-05 00:02:19,65.282,-126.8329,39.6,79,76,11.74
409,Ponta Do Sol,PT,2022-10-05 00:02:20,32.6667,-17.1,71.71,80,67,0.72
410,Socorro,US,2022-10-05 00:02:21,31.6546,-106.3033,81.61,35,40,6.91
411,Moundou,TD,2022-10-05 00:02:21,8.5667,16.0833,70.05,90,84,2.82
412,Pochutla,MX,2022-10-05 00:02:22,15.7432,-96.4661,82.81,86,48,4.0
413,Cangucu,BR,2022-10-05 00:02:23,-31.395,-52.6756,47.93,96,2,4.63
414,Kaeo,NZ,2022-10-05 00:02:23,-35.1,173.7833,66.33,69,77,11.45
415,Sarab,IR,2022-10-05 00:02:24,38.6066,44.9883,64.6,29,0,3.11
416,Kruisfontein,ZA,2022-10-05 00:02:25,-34.0033,24.7314,51.89,89,53,2.08
417,Mazyr,BY,2022-10-05 00:02:25,52.0495,29.2456,44.19,93,51,13.35
418,Brewster,US,2022-10-05 00:03:26,41.3973,-73.6171,55.27,94,100,8.05
419,Port Augusta,AU,2022-10-05 00:03:26,-32.5,137.7667,71.22,57,50,9.37
420,Cidreira,BR,2022-10-05 00:03:27,-30.1811,-50.2056,59.34,86,0,5.55
421,Acapulco,MX,2022-10-05 00:03:28,16.8634,-99.8901,84.02,70,40,5.75
422,Svetlogorsk,BY,2022-10-05 00:03:29,52.6333,29.7333,44.85,88,100,12.97
423,Shetpe,KZ,2022-10-05 00:03:29,44.1667,52.1167,58.55,17,24,14.85
424,Sao Filipe,CV,2022-10-05 00:03:30,14.8961,-24.4956,78.28,78,94,1.68
425,Samarkand,UZ,2022-10-05 00:03:31,39.6542,66.9597,53.02,43,0,9.22
426,Inirida,CO,2022-10-05 00:03:32,3.8653,-67.9239,79.21,80,94,0.85
427,Maarianhamina,AX,2022-10-05 00:03:32,60.0973,19.9348,53.46,87,75,6.91
428,Ceska Lipa,CZ,2022-10-05 00:03:33,50.6855,14.5376,52.02,93,68,5.17
429,Sakaiminato,JP,2022-10-05 00:03:35,35.55,133.2333,64.94,80,100,23.31
430,Roald,NO,2022-10-05 00:03:36,62.5833,6.1333,51.33,71,20,18.41
431,Itacare,BR,2022-10-05 00:03:37,-14.2775,-38.9967,74.25,79,40,8.46
432,Klaksvik,FO,2022-10-05 00:03:38,62.2266,-6.589,49.12,80,2,37.89
433,Mporokoso,ZM,2022-10-05 00:03:39,-9.3727,30.125,64.31,27,70,4.38
434,Homer,US,2022-10-05 00:03:40,59.6425,-151.5483,53.8,66,100,17.0
435,Marawi,PH,2022-10-05 00:03:41,7.9986,124.2928,74.46,83,59,3.29
436,Umea,SE,2022-10-05 00:03:42,63.8284,20.2597,47.91,93,0,9.22
437,Mangrol,IN,2022-10-05 00:03:43,21.1167,70.1167,79.11,79,51,9.95
438,Jiuquan,CN,2022-10-05 00:03:44,39.7432,98.5174,45.59,37,100,1.07
439,Camacari,BR,2022-10-05 00:00:58,-12.6975,-38.3242,73.35,80,16,8.99
440,San Isidro,PE,2022-10-05 00:00:18,-12.1167,-77.05,63.01,80,59,11.32
441,Nchelenge,ZM,2022-10-05 00:03:47,-9.3451,28.734,72.9,39,68,1.97
442,Okha,RU,2022-10-05 00:03:48,53.5739,142.9478,36.7,69,99,17.69
443,Plainview,US,2022-10-04 23:59:05,40.7765,-73.4673,57.78,90,100,16.11
444,Goderich,CA,2022-10-05 00:00:20,43.7501,-81.7165,57.9,62,9,5.55
445,Marica,BR,2022-10-05 00:03:49,-22.9194,-42.8186,67.98,92,100,6.96
446,Saurimo,AO,2022-10-05 00:03:50,-9.6608,20.3916,68.47,60,26,3.38
447,Matara,LK,2022-10-05 00:03:51,5.9485,80.5353,77.67,86,100,12.01
448,Asosa,ET,2022-10-05 00:03:53,10.0667,34.5333,58.57,93,73,4.07
449,Cabangahan,PH,2022-10-05 00:03:55,9.0781,122.9469,83.25,77,91,8.77
450,Domoni,KM,2022-10-05 00:03:56,-12.2569,44.5319,73.65,86,41,3.02
451,Oktyabrskiy,RU,2022-10-05 00:03:59,54.4815,53.471,49.19,31,100,10.45
452,Sinyavskoye,RU,2022-10-05 00:04:01,47.277,39.2789,52.34,67,26,6.73
453,Ahipara,NZ,2022-10-05 00:04:03,-35.1667,173.1667,59.76,62,85,13.13
454,Raudeberg,NO,2022-10-05 00:04:04,61.9875,5.1352,50.67,1,55,20.83
455,Kokopo,PG,2022-10-05 00:04:04,-4.352,152.2633,84.52,67,75,3.85
456,Prince Rupert,CA,2022-10-05 00:01:13,54.3161,-130.3201,59.18,80,100,2.68
457,Mulatupo,PA,2022-10-05 00:04:06,8.9492,-77.7652,80.53,85,37,3.98
458,Ceuta,ES,2022-10-05 00:04:08,35.8903,-5.3075,62.64,83,0,5.26
459,Brae,GB,2022-10-05 00:04:10,60.3964,-1.353,50.94,76,7,18.7
460,Broken Hill,AU,2022-10-05 00:04:11,-31.95,141.4333,73.54,53,23,17.78
461,Kungurtug,RU,2022-10-05 00:04:12,50.5994,97.5228,21.25,56,41,0.92
462,San Patricio,US,2022-10-05 00:04:13,28.017,-97.5169,82.35,48,83,10.65
463,Debre Tabor,ET,2022-10-05 00:04:15,11.85,38.0167,48.87,69,20,4.38
464,Jimeta,NG,2022-10-05 00:05:16,9.2833,12.4667,75.18,84,99,2.51
465,Inuvik,CA,2022-10-05 00:05:16,68.3499,-133.7218,34.84,93,69,10.18
466,Bam,IR,2022-10-05 00:02:41,29.106,58.357,77.99,15,1,10.0
467,Oudtshoorn,ZA,2022-10-05 00:05:17,-33.5907,22.2014,50.77,86,26,1.43
468,Parnaiba,BR,2022-10-05 00:03:45,-2.9047,-41.7767,78.78,80,57,12.57
469,Shevchenkove,UA,2022-10-05 00:05:18,49.6959,37.1735,46.13,78,80,11.14
470,Nong Kung Si,TH,2022-10-05 00:05:19,16.65,103.3,79.83,99,47,3.2
471,Road Town,VG,2022-10-05 00:05:20,18.4167,-64.6167,82.49,78,27,18.37
472,Batemans Bay,AU,2022-10-05 00:05:21,-35.7167,150.1833,58.1,83,100,11.18
473,Hanna,CA,2022-10-05 00:05:21,51.6334,-111.9018,70.86,36,35,5.99
474,Iralaya,HN,2022-10-05 00:05:22,15.0,-83.2333,76.78,91,100,11.86
475,Caravelas,BR,2022-10-05 00:05:22,-17.7125,-39.2481,75.51,77,58,13.2
476,Labuan,MY,2022-10-05 00:05:23,5.2767,115.2417,80.08,85,98,6.49
477,Dzhebariki-Khaya,RU,2022-10-05 00:05:24,62.2167,135.8,19.13,71,97,3.8
478,Sumbe,AO,2022-10-05 00:05:26,-11.2061,13.8437,72.45,87,71,7.67
479,Biu,NG,2022-10-05 00:05:26,10.6129,12.1946,69.48,87,98,3.22
480,Panjab,AF,2022-10-05 00:05:27,34.388,67.0233,39.58,32,0,4.76
481,Kalengwa,ZM,2022-10-05 00:05:27,-13.4659,25.0027,61.47,35,0,2.84
482,Pirganj,BD,2022-10-05 00:05:28,25.8523,88.3618,73.69,97,100,5.66
483,Arrifes,PT,2022-10-05 00:05:29,37.7667,-25.7,71.24,94,75,5.75
484,Biltine,TD,2022-10-05 00:05:29,14.5333,20.9167,84.31,41,23,1.12
485,Jacareacanga,BR,2022-10-05 00:05:30,-6.2222,-57.7528,76.78,77,64,1.66
486,Wyndham,US,2022-10-05 00:05:30,37.6985,-77.6125,54.1,82,100,6.91
487,Hambantota,LK,2022-10-05 00:05:31,6.1241,81.1185,79.21,79,100,15.9
488,Qui Nhon,VN,2022-10-05 00:05:32,13.7667,109.2333,77.61,88,99,5.37
489,Labytnangi,RU,2022-10-05 00:05:32,66.6572,66.4183,33.15,83,10,3.22
490,Tobane,BW,2022-10-05 00:05:33,-21.95,27.9,71.98,66,0,20.65
491,Vryburg,ZA,2022-10-05 00:05:33,-26.9566,24.7284,66.2,16,0,6.93
492,El Sauzal,MX,2022-10-05 00:05:34,31.9,-116.6833,69.42,83,41,4.79
493,Santa Marta,CO,2022-10-05 00:05:36,11.2408,-74.199,81.72,85,29,10.92
494,Beira,MZ,2022-10-05 00:05:37,-19.8436,34.8389,73.06,93,4,3.91
495,Werda,BW,2022-10-05 00:05:38,-25.2667,23.2833,71.51,15,0,6.46
496,Nara,JP,2022-10-05 00:01:29,34.6851,135.8049,68.97,86,100,6.11
497,Pevek,RU,2022-10-05 00:05:39,69.7008,170.3133,27.16,79,77,7.87
498,Bilma,NE,2022-10-05 00:05:39,18.6853,12.9164,86.11,18,1,1.14
499,Faanui,PF,2022-10-05 00:05:40,-16.4833,-151.75,77.52,76,27,25.97
500,Kpandae,GH,2022-10-05 00:05:40,8.4689,-0.0113,74.03,93,93,4.65
501,Coquimbo,CL,2022-10-05 00:00:59,-29.9533,-71.3436,54.5,81,45,3.06
502,Marsh Harbour,BS,2022-10-05 00:05:33,26.5412,-77.0636,79.57,71,18,9.62
503,Champerico,GT,2022-10-05 00:05:42,14.3,-91.9167,81.23,77,90,6.73
504,Uyuni,BO,2022-10-05 00:05:42,-20.4597,-66.825,43.5,18,0,12.12
505,Point Fortin,TT,2022-10-05 00:05:43,10.1833,-61.6833,79.9,79,98,10.29
506,Quata,BR,2022-10-05 00:05:43,-22.2475,-50.6983,71.38,71,5,5.95
507,Terrak,NO,2022-10-05 00:05:44,65.087,12.3715,51.67,96,100,6.31
508,Buraydah,SA,2022-10-05 00:04:30,26.326,43.975,77.34,20,0,9.04
509,Bojnice,SK,2022-10-05 00:05:46,48.7851,18.5864,44.29,86,26,2.71
510,Alexandria,EG,2022-10-05 00:04:00,31.2156,29.9553,76.55,67,2,9.37
511,Tateyama,JP,2022-10-05 00:05:47,34.9833,139.8667,76.93,73,75,11.5
512,Kapit,MY,2022-10-05 00:06:50,2.0167,112.9333,73.56,100,100,1.16
513,North Bend,US,2022-10-05 00:06:51,43.4065,-124.2243,60.17,91,100,0.0
514,Awbari,LY,2022-10-05 00:06:52,26.5921,12.7805,72.25,37,0,7.85
515,Toora-Khem,RU,2022-10-05 00:06:52,52.4675,96.11,12.49,91,23,1.48
516,Perbaungan,ID,2022-10-05 00:06:53,3.5679,98.956,75.31,94,99,0.89
517,Udachnyy,RU,2022-10-05 00:06:54,66.4167,112.4,28.45,86,100,11.79
518,Ekibastuz,KZ,2022-10-05 00:06:55,51.6667,75.3667,40.03,41,54,8.61
519,Brande,DK,2022-10-05 00:06:55,55.9381,9.1218,57.45,91,100,15.93
520,Maloy,NO,2022-10-05 00:06:56,61.9353,5.1136,51.53,1,58,19.69
521,Salantai,LT,2022-10-05 00:06:58,56.0667,21.5667,54.9,94,55,7.2
522,Salinopolis,BR,2022-10-05 00:06:59,-0.6136,-47.3561,79.7,76,37,11.59
523,Pishva,IR,2022-10-05 00:07:00,35.308,51.7267,73.56,20,0,2.82
524,Kpandu,GH,2022-10-05 00:07:00,6.9954,0.2931,73.81,92,78,5.44
525,Wanning,CN,2022-10-05 00:07:01,18.8003,110.3967,80.76,86,58,6.67
526,Wenling,CN,2022-10-05 00:07:02,28.3669,121.36,69.35,73,93,16.31
527,Lazurne,UA,2022-10-05 00:07:03,46.084,32.5295,57.65,63,16,12.39
528,Da Nang,VN,2022-10-05 00:07:03,16.0678,108.2208,76.98,88,20,1.14
529,Paranaiba,BR,2022-10-05 00:03:43,-19.6772,-51.1908,71.29,86,65,3.49
530,Sinnamary,GF,2022-10-05 00:07:04,5.3833,-52.95,79.9,81,51,11.92
531,Warri,NG,2022-10-05 00:07:05,5.5167,5.75,75.13,95,98,3.8
532,Najran,SA,2022-10-05 00:07:06,17.4924,44.1277,69.08,20,3,1.92
533,Vung Tau,VN,2022-10-05 00:07:07,10.346,107.0843,81.28,83,100,16.42
534,Aranos,NA,2022-10-05 00:07:09,-24.1333,19.1167,68.77,16,20,6.08
535,Vila Franca Do Campo,PT,2022-10-05 00:07:09,37.7167,-25.4333,72.19,93,33,4.32
536,Bairiki,KI,2022-10-05 00:07:10,1.3292,172.9752,81.68,72,81,18.81
537,Dekar,BW,2022-10-05 00:07:11,-21.5333,21.9333,75.27,15,0,7.47
538,Lagoa Formosa,BR,2022-10-05 00:07:12,-18.7786,-46.4075,66.02,88,73,3.22
539,Znamenskoye,RU,2022-10-05 00:07:12,57.1281,73.8282,43.54,97,98,4.29
540,Saldanha,ZA,2022-10-05 00:07:13,-33.0117,17.9442,55.78,69,1,11.56
541,Oussouye,SN,2022-10-05 00:07:14,12.485,-16.5469,79.2,86,84,5.06
